,Technology,Weight
0,hadoop,0.028735632183908046
1,microsoft,-0.09195402298850575
2,sas,0.027777777777777776
