Technology,Weight
hadoop,0.006704980842911879
hadoop,0.006704980842911879
hadoop,0.0067049808429118785
hadoop,0.006704980842911878
